mean,scale,var
65.406,14.593737149887275,212.977164
15.252,9.091341815155781,82.652496
6.486,2.271079919333532,5.1578040000000005
0.478,0.4995157655169654,0.24951599999999996
